001;180;4.8;Semi
002;180;5.5;Semi
003;180;5;Semi
004;135;2.6;Semi
005;0;10;Semi
006;0;10;Semi
007;0;10;Semi
008;180;1;Semi
010;180;2.2;Semi
011;180;4.5;Semi
012;180;4.5;Semi
013;135;1.19;Semi
014;288;3;Semi
015;135;0.7;Semi
016;180;4;Semi
017;180;0.88;Semi
018;180;5;Semi
019;225;2.7;Semi
01A;0;7.5;Semi
01B;135;1;Semi
01C;135;1;Semi
01D;135;0.8;Semi
01G;135;1.9;Semi
01O;180;3.5;Semi
01U;180;3;Semi
020;180;1.3;Semi
022;180;2.6;Semi
023;180;6.46;Semi
024;180;3;Semi
025;180;2.6;Semi
026;180;3;Semi
027;180;2.6;Semi
029;180;2.6;Semi
02A;180;6;Semi
02B;135;1;Semi
02C;135;0.8;Semi
02D;180;0.6;Semi
02E;180;4.8;Semi
02G;135;2.4;Semi
02O;180;2.4;Semi
02U;180;3;Semi
030;180;2;Semi
032;180;3;Semi
033;135;1.1;Semi
034;180;4.8;Semi
035;135;1.3;Semi
036;135;1.23;Semi
037;225;2.7;Semi
038;180;4.8;Semi
039;180;4;Semi
03A;180;2.3;Semi
03B;135;1.3;Semi
03C;180;2.2;Semi
03D;180;0.6;Semi
03E;180;4;Semi
03O;180;2.8;Semi
03U;180;3;Semi
040;180;4.8;Semi
041;135;1.3;Semi
042;0;6.5;Semi
043;0;6.5;Semi
044;135;2.4;Semi
045;135;3;Semi
046;135;1.8;Semi
047;180;1.27;Semi
048;225;1.3;Semi
049;225;2.2;Semi
04A;135;4.5;Semi
04B;135;1.3;Semi
04C;135;2.62;Semi
04D;90;0.64;Semi
04E;180;1.8;Semi
04G;135;1.8;Semi
04U;180;3;Semi
050;225;2.2;Semi
051;135;3;Semi
052;135;1;Semi
053;135;1;Semi
055;135;1.9;Semi
056;225;3;Semi
059;135;1.5;Semi
05A;180;3.02;Semi
05B;135;1;Semi
05D;90;0.6;Semi
05E;0;15.24;Semi
05G;135;2.6;Semi
060;135;1.5;Semi
063;180;1.5;Semi
064;135;4.5;Semi
066;225;2.6;Semi
067;180;1.5;Semi
068;180;1.51;Semi
069;180;1.5;Semi
06A;180;1.63;Semi
06B;135;1;Semi
06D;90;0.8;Semi
06E;135;2.2;Semi
06G;135;2.6;Semi
070;180;1.6;Semi
071;180;1.8;Semi
072;180;2.2;Semi
073;135;2.6;Semi
074;180;3;Semi
075;180;3;Semi
076;180;1.8;Semi
078;135;1.1;Semi
07A;180;4.01;Semi
07B;180;1.3;Semi
07C;135;1.7;Semi
07D;90;0.8;Semi
07E;180;3.7;Semi
07G;180;2.6;Semi
080;0;2.2;Semi
081;0;2.2;Semi
082;180;1.6;Semi
083;0;2.2;Semi
084;0;2.2;Semi
085;135;1.8;Semi
086;135;1.1;Semi
087;135;1.1;Semi
08A;180;4.8;Semi
08B;180;1.3;Semi
08D;135;1.62;Semi
08E;135;2.2;Semi
08G;180;2.6;Semi
091;225;2.6;Semi
092;180;4.5;Semi
093;180;1.98;Semi
094;0;3.7;Semi
096;0;3.7;Semi
097;180;2.2;Semi
09A;180;6;Semi
09B;180;1.8;Semi
09D;135;7.73;Semi
09E;225;3.6;Semi
09G;180;3.6;Semi
100;135;1.8;Semi
101;0;5.08;Semi
102;0;6.03;Semi
103;180;1.8;Semi
104;180;3;Semi
105;180;2.22;Semi
107;135;1.79;Semi
108;135;1.87;Semi
109;180;2.2;Semi
10A;180;4.8;Semi
10B;180;1.8;Semi
10D;90;0.8;Semi
111;180;1.75;Semi
112;135;1.87;Semi
113;180;3.6;Semi
114;180;1.8;Semi
115;225;4;Semi
116;180;2.6;Semi
117;180;3.66;Semi
118;180;2.2;Semi
119;180;3.66;Semi
11A;180;3;Semi
11B;180;2;Semi
11C;135;3;Semi
11D;0;10.16;Semi
11G;180;2.8;Semi
120;0;10;Semi
121;0;18;Semi
122;180;7.5;Semi
123;0;10;Semi
124;135;2.07;Semi
125;0;3.6;Semi
126;0;3.6;Semi
127;180;2.2;Semi
128;288;3;Semi
129;0;3.6;Semi
12A;0;7.11;Semi
12B;180;2.5;Semi
12C;288;3;Semi
12D;90;0.64;Semi
12F;135;1.5;Semi
12G;135;3.18;Semi
132;180;4.8;Semi
134;135;1.1;Semi
135;135;2.1;Semi
136;180;4.8;Semi
137;135;1.6;Semi
138;180;4.8;Semi
139;135;1.9;Semi
13A;180;1.6;Semi
13B;180;2.6;Semi
13C;180;1.74;Semi
13D;135;0.64;Semi
13E;180;4.8;Semi
13G;135;2.6;Semi
140;0;0.7;Semi
141;135;2;Semi
142;0;0.8;Semi
143;180;3;Semi
144;180;3;Semi
145;180;2.22;Semi
146;135;1.7;Semi
147;135;1.6;Semi
148;135;1.3;Semi
149;135;1.3;Semi
14B;135;1.8;Semi
14C;135;2;Semi
14D;90;0.64;Semi
14E;0;2.43;Semi
14G;135;2;Semi
150;0;2;Semi
152;0;3.6;Semi
153;180;4.5;Semi
154;180;4;Semi
155;225;2.6;Semi
156;0;6.3;Semi
157;180;3.6;Semi
158;180;3.6;Semi
159;180;2.6;Semi
15A;0;6;Semi
15C;135;2;Semi
15D;90;0.64;Semi
15E;180;3.6;Semi
15F;0;6.5;Semi
15G;135;2.5;Semi
160;180;3.6;Semi
161;180;2.2;Semi
162;180;2.3;Semi
163;135;2.2;Semi
165;135;2.43;Semi
167;180;3.6;Semi
168;135;2.4;Semi
169;135;1.8;Semi
16A;0;6;Semi
16B;135;0.8;Semi
16C;135;2;Semi
16D;135;0.61;Semi
16E;135;1.87;Semi
16G;135;1.6;Semi
170;135;1.8;Semi
171;135;2.5;Semi
172;180;2.6;Semi
173;180;2.62;Semi
174;225;2.6;Semi
175;180;1.8;Semi
176;180;2.6;Semi
177;180;3.6;Semi
178;0;3.7;Semi
179;180;6;Semi
17A;135;2.97;Semi
17B;135;0.8;Semi
17C;0;1.9;Semi
17D;90;0.6;Semi
17E;180;2.3;Semi
17G;135;2;Semi
180;0;10;Semi
181;180;4.8;Semi
182;135;1.9;Semi
183;180;13;Semi
184;180;2.6;Semi
185;180;2.5;Semi
186;180;3;Semi
187;135;2.4;Semi
188;135;1;Semi
189;135;1.9;Semi
18A;0;6.5;Semi
18C;0;1.9;Semi
18D;0;15.2;Semi
18E;180;10;Semi
190;180;4.5;Semi
191;180;2.65;Semi
192;180;3.11;Semi
193;135;1.3;Semi
194;180;1.8;Semi
195;180;2.2;Semi
196;180;2.62;Semi
197;135;3;Semi
198;180;3.6;Semi
19A;180;5;Semi
19C;288;3;Semi
19D;180;2.39;Semi
19E;180;4.8;Semi
200;180;4;Semi
201;0;6;Semi
202;180;2.59;Semi
203;180;2.5;Semi
204;180;5;Semi
205;180;5;Semi
206;180;5;Semi
207;135;2.62;Semi
208;180;2.6;Semi
209;180;4.8;Semi
20A;135;4;Semi
20E;0;1.9;Semi
210;135;2.6;Semi
211;90;0.64;Semi
212;135;0.8;Semi
214;180;2.65;Semi
215;180;2.7;Semi
216;180;4.24;Semi
217;180;2.7;Semi
218;180;2.6;Semi
219;288;3;Semi
21A;135;2.62;Semi
21C;180;7;Semi
21D;180;3.7;Semi
220;180;4.8;Semi
221;180;4.8;Semi
222;180;6.48;Semi
223;180;2.62;Semi
224;135;6.46;Semi
225;180;7.62;Semi
226;180;7.73;Semi
227;135;2;Semi
228;180;3.5;Semi
229;135;2.4;Semi
22B;180;2.2;Semi
22C;180;2.2;Semi
22D;180;3.6;Semi
22E;135;0.6;Semi
230;180;2.2;Semi
231;180;2.6;Semi
232;180;2.2;Semi
233;135;1.6;Semi
234;135;1.9;Semi
235;180;2.97;Semi
236;135;1.9;Semi
237;135;1.6;Semi
238;135;1.9;Semi
239;135;2.99;Semi
23A;180;2;Semi
23B;180;2.2;Semi
240;180;3;Semi
241;180;2.3;Semi
242;135;1.6;Semi
243;180;3;Semi
244;180;4.8;Semi
245;180;3;Semi
246;180;3;Semi
247;180;3;Semi
248;180;3.11;Semi
249;180;3;Semi
24A;180;2.3;Semi
24B;180;2.5;Semi
24C;135;9;Semi
24D;180;2.6;Semi
24E;180;3.64;Semi
250;135;3;Semi
251;135;3;Semi
252;180;2.6;Semi
253;90;1.1;Semi
254;90;1.3;Semi
255;180;3.6;Semi
256;135;1.8;Semi
257;135;1.9;Semi
258;135;2.97;Semi
259;135;1.9;Semi
25C;135;8;Semi
25D;180;2.62;Semi
25E;180;2.6;Semi
260;180;4.5;Semi
261;180;4.5;Semi
262;180;4.8;Semi
263;180;1.8;Semi
264;225;2.6;Semi
265;180;3;Semi
266;0;2;Semi
267;135;2.6;Semi
268;135;2.6;Semi
269;180;3;Semi
26A;180;4.8;Semi
26C;180;1.8;Semi
26F;0;33;Semi
271;180;1.8;Semi
272;180;1.3;Semi
273;180;4.8;Semi
274;0;5;Semi
275;0;5;Semi
276;135;1.7;Semi
277;135;4.5;Semi
278;135;3.18;Semi
279;135;1.7;Semi
27A;135;0.88;Semi
27B;135;1.3;Semi
27C;180;3;Semi
27D;0;2.4;Semi
27E;135;2;Semi
280;135;2.6;Semi
281;180;2.6;Semi
283;0;5;Semi
284;180;1.3;Semi
285;135;3.2;Semi
288;90;0.9;Semi
28A;180;4.8;Semi
28B;135;1.6;Semi
28C;180;7.7;Semi
28D;180;3.6;Semi
28E;180;4;Semi
28M;135;5;Semi
291;90;0.95;Semi
292;90;0.95;Semi
293;90;0.9;Semi
29A;180;1;Semi
29B;135;1.6;Semi
29C;0;1.9;Semi
29D;135;7.7;Semi
300;0;3;Semi
302;180;3.7;Semi
303;180;3.5;Semi
30B;135;1.6;Semi
30E;180;2.2;Semi
313;135;3.5;Semi
31A;180;3;Semi
31B;135;1.8;Semi
31E;180;4.8;Semi
320;180;3.6;Semi
32A;0;7.5;Semi
32B;135;1.8;Semi
32D;180;0.8;Semi
32E;180;4.8;Semi
332;135;3.49;Semi
339;135;1.63;Semi
33A;180;4.8;Semi
33B;180;1.7;Semi
33C;180;2.3;Semi
33D;180;0.6;Semi
33E;135;1.3;Semi
343;135;3.7;Semi
344;135;3.7;Semi
345;135;0.7;Semi
346;135;3.66;Semi
347;135;3.7;Semi
348;135;1.23;Semi
349;135;0.99;Semi
34A;180;0.8;Semi
34B;135;1.7;Semi
34D;135;0.6;Semi
34M;180;3.66;Semi
350;135;0.93;Semi
351;180;1;Semi
352;135;1.23;Semi
353;135;1;Semi
354;180;0.99;Semi
355;180;1.3;Semi
356;180;1.27;Semi
357;135;1.79;Semi
358;180;1.75;Semi
359;180;1.8;Semi
35A;135;1.9;Semi
35B;180;3.6;Semi
35D;135;0.6;Semi
35E;180;6.46;Semi
360;180;1.75;Semi
361;180;1.5;Semi
362;135;1.8;Semi
363;180;2.5;Semi
364;180;0.99;Semi
365;180;1.3;Semi
366;180;1.2;Semi
367;180;1.3;Semi
368;135;1.6;Semi
369;135;1.5;Semi
36B;135;1.7;Semi
36E;180;13;Semi
371;180;2.2;Semi
372;135;1.8;Semi
373;180;1.8;Semi
374;180;1.8;Semi
375;180;1.8;Semi
376;180;1.27;Semi
377;180;2.6;Semi
378;180;2.62;Semi
379;180;2.62;Semi
37A;180;3.7;Semi
37C;135;1.07;Semi
37E;0;15.24;Semi
381;180;1.98;Semi
382;180;1.98;Semi
383;135;1.79;Semi
384;180;2;Semi
385;180;1.8;Semi
386;180;2.6;Semi
389;180;2.2;Semi
38A;180;4.8;Semi
38B;135;1.3;Semi
38D;135;0.8;Semi
38E;135;1.9;Semi
390;180;2.18;Semi
391;180;3.6;Semi
392;0;5;Semi
393;0;4.45;Semi
394;180;3.99;Semi
395;180;2.6;Semi
396;135;3.18;Semi
397;180;2.2;Semi
398;180;1.98;Semi
399;135;1.98;Semi
39A;180;6.5;Semi
39B;135;1.3;Semi
39E;135;1.3;Semi
400;180;1.8;Semi
401;180;3.6;Semi
402;0;5.1;Semi
403;0;4.45;Semi
404;180;2.6;Semi
405;180;4.01;Semi
407;180;1.98;Semi
40A;180;5;Semi
40B;135;2.4;Semi
40C;180;5;Semi
40D;180;1.7;Semi
40E;180;14;Semi
411;0;5.08;Semi
412;180;2.6;Semi
413;135;3.18;Semi
414;180;4.8;Semi
417;180;4;Semi
419;135;6.5;Semi
41B;135;2.4;Semi
41D;135;2.4;Semi
41E;135;1.87;Semi
420;180;6;Semi
422;180;6;Semi
423;180;3.6;Semi
424;180;3.6;Semi
428;225;2.65;Semi
429;225;2.6;Semi
42B;180;1.8;Semi
42D;135;2.4;Semi
42E;135;1.3;Semi
430;225;2.6;Semi
431;225;3.62;Semi
432;225;3.62;Semi
433;225;3.62;Semi
434;225;2.6;Semi
435;225;4;Semi
436;180;4.24;Semi
437;180;4.3;Semi
438;180;2.65;Semi
439;180;2.65;Semi
43B;180;2.2;Semi
43C;180;4;Semi
43E;180;4.8;Semi
440;180;3.6;Semi
441;180;3.66;Semi
442;180;3.66;Semi
443;180;7;Semi
444;180;6.99;Semi
445;180;4;Semi
446;225;4.01;Semi
447;225;3.99;Semi
449;225;3.62;Semi
44C;180;4.24;Semi
44E;135;1.23;Semi
450;180;5;Semi
451;180;6;Semi
452;180;7.6;Semi
453;180;7.62;Semi
454;180;7.62;Semi
455;180;7.62;Semi
457;180;4;Semi
458;180;4;Semi
459;180;4.01;Semi
45B;135;2.6;Semi
45C;180;2.22;Semi
45D;135;1;Semi
45E;180;4.8;Semi
460;180;4.24;Semi
462;180;5;Semi
463;180;5;Semi
464;180;3.6;Semi
465;180;3.6;Semi
466;180;3.6;Semi
467;180;3.6;Semi
468;180;6.5;Semi
469;180;6.5;Semi
46A;180;5.47;Semi
46B;135;1.8;Semi
46C;135;0.97;Semi
46E;180;4.8;Semi
472;180;6.46;Semi
473;180;3;Semi
474;180;4.8;Semi
475;180;4.8;Semi
476;180;4.8;Semi
477;180;4.8;Semi
478;180;4.8;Semi
479;180;4.8;Semi
47A;180;1.5;Semi
47B;180;3;Semi
47D;180;1.3;Semi
480;180;6.46;Semi
482;135;0.76;Semi
483;135;1.07;Semi
485;135;1.3;Semi
487;135;1.07;Semi
488;135;1.31;Semi
489;135;1.31;Semi
48A;135;1.9;Semi
48B;135;1.8;Semi
48D;135;1.2;Semi
48E;135;3.2;Semi
493;180;1.2;Semi
495;180;1.51;Semi
496;180;1.5;Semi
498;135;1.6;Semi
499;135;1.6;Semi
49A;180;4.8;Semi
49B;135;1.8;Semi
49C;180;4.5;Semi
49D;180;1.8;Semi
49E;225;2.6;Semi
500;135;1.6;Semi
502;135;1.6;Semi
503;135;1.3;Semi
505;135;1.87;Semi
506;135;1.87;Semi
508;180;2.6;Semi
50B;135;5;Semi
50D;135;0.8;Semi
50E;135;1.3;Semi
512;180;1.24;Semi
513;180;1.2;Semi
515;135;1.9;Semi
516;135;1.9;Semi
517;135;1.9;Semi
518;135;1.3;Semi
519;135;1.12;Semi
51A;180;1.1;Semi
51B;180;3;Semi
51C;180;7.62;Semi
51D;0;1.6;Semi
51E;135;3;Semi
520;135;1.6;Semi
521;135;2.4;Semi
522;135;2.43;Semi
523;135;2.43;Semi
524;135;1.3;Semi
526;135;1.87;Semi
527;180;2;Semi
528;135;1.6;Semi
529;135;1.63;Semi
52A;180;4.8;Semi
52C;180;7.62;Semi
52D;135;0.4;Semi
52E;0;25.72;Semi
530;135;1.9;Semi
531;135;2.4;Semi
532;135;2.4;Semi
533;135;2.4;Semi
534;135;2.4;Semi
535;180;2.6;Semi
536;180;2.6;Semi
537;180;2;Semi
539;135;3;Semi
53A;180;1.1;Semi
53B;135;0.65;Semi
53C;135;6.46;Semi
53E;225;2.6;Semi
540;135;2.4;Semi
541;180;2.3;Semi
542;180;2.3;Semi
543;135;2.62;Semi
544;0;5.1;Semi
545;0;5.1;Semi
546;0;5.08;Semi
548;135;4;Semi
54A;180;3;Semi
54B;135;0.9;Semi
54C;180;4.8;Semi
54D;180;5;Semi
54E;135;3;Semi
550;135;2.97;Semi
551;135;3;Semi
552;135;3;Semi
553;180;3;Semi
554;180;3;Semi
555;180;2.97;Semi
556;0;5;Semi
557;180;2.6;Semi
558;135;3.6;Semi
559;135;3.6;Semi
55A;225;2.6;Semi
55B;180;2.2;Semi
55C;180;6.48;Semi
55D;135;0.4;Semi
55E;180;2.67;Semi
55M;0;7;Semi
560;135;4;Semi
561;135;3;Semi
562;0;6;Semi
563;0;6;Semi
564;0;6;Semi
565;0;6;Semi
566;135;9;Semi
567;135;4.5;Semi
568;135;4.5;Semi
56B;135;2.2;Semi
56C;135;5;Semi
56D;135;1;Semi
570;180;4.8;Semi
571;180;3.66;Semi
572;180;3.6;Semi
573;180;3.6;Semi
574;180;3.6;Semi
575;135;3.6;Semi
577;180;4.01;Semi
578;180;4;Semi
579;180;4;Semi
57A;180;5.5;Semi
57B;135;2.2;Semi
57C;135;5;Semi
57M;0;9;Semi
581;180;4.8;Semi
582;180;4.8;Semi
583;180;4;Semi
585;135;4;Semi
586;180;4;Semi
58A;180;5.5;Semi
58C;180;7.73;Semi
58D;135;0.4;Semi
58E;180;4;Semi
58M;0;4;Semi
593;180;4;Semi
596;180;3.99;Semi
59A;180;2.39;Semi
59C;180;4;Semi
59D;90;0.8;Semi
59E;180;4.8;Semi
59M;0;6;Semi
609;135;3.81;Semi
60A;180;3;Semi
60B;225;2.7;Semi
60C;180;4;Semi
60D;135;0.6;Semi
60E;0;15.24;Semi
60M;0;6;Semi
612;0;3.81;Semi
614;135;4;Semi
616;180;3.99;Semi
61A;180;2.2;Semi
61B;180;3.6;Semi
61D;90;1.3;Semi
61E;180;2.62;Semi
61M;0;9;Semi
621;0;4;Semi
623;135;4.5;Semi
624;180;4.24;Semi
626;180;4.5;Semi
62B;180;2.6;Semi
62C;135;3.2;Semi
62E;180;4.8;Semi
62M;0;15;Semi
633;180;4.5;Semi
63A;135;1.8;Semi
63B;225;2.6;Semi
63C;180;3.6;Semi
63D;135;1.1;Semi
63M;0;4;Semi
640;180;4.29;Semi
643;135;4.5;Semi
64A;135;2.6;Semi
64B;180;3.6;Semi
64C;180;4.8;Semi
64E;135;2.6;Semi
64M;0;6;Semi
657;135;5;Semi
659;180;5;Semi
65B;135;1.3;Semi
65C;0;5;Semi
65D;90;0.8;Semi
65M;0;6;Semi
660;180;4.8;Semi
663;0;5;Semi
666;180;5;Semi
667;180;4.8;Semi
66A;180;4;Semi
66B;135;1;Semi
66C;0;5.1;Semi
66D;0;18;Semi
66E;180;4.8;Semi
66M;0;6;Semi
67A;135;1.8;Semi
67B;180;1.8;Semi
67C;0;6;Semi
67D;135;1.1;Semi
67M;0;7;Semi
680;135;5;Semi
685;135;5;Semi
687;180;4.8;Semi
68A;135;2.5;Semi
68B;180;1.8;Semi
68C;180;2.2;Semi
68D;180;5;Semi
68E;180;4.5;Semi
68M;0;4;Semi
690;0;5;Semi
692;180;5.5;Semi
697;135;6;Semi
69A;180;2;Semi
69B;135;0.8;Semi
69C;180;3.6;Semi
69E;180;4.5;Semi
69M;0;4;Semi
701;0;6.03;Semi
703;180;6;Semi
706;0;6.03;Semi
708;135;6;Semi
70B;180;1.3;Semi
70C;180;3.6;Semi
70E;135;1.6;Semi
712;135;6;Semi
715;135;6;Semi
716;180;6;Semi
719;0;6.03;Semi
71A;0;6;Semi
71B;180;1.7;Semi
71C;180;1.3;Semi
71E;180;2.3;Semi
721;180;6.5;Semi
722;180;6.5;Semi
727;0;6.5;Semi
72A;180;4.8;Semi
72C;180;1.8;Semi
72D;180;4.8;Semi
72E;135;1.1;Semi
730;180;6.48;Semi
733;180;6.99;Semi
735;180;7;Semi
739;135;7.73;Semi
73C;135;3;Semi
73D;180;5;Semi
73E;180;4.8;Semi
741;135;7.73;Semi
742;180;7.5;Semi
747;135;7.7;Semi
748;180;8;Semi
74C;135;2.97;Semi
74E;180;1.7;Semi
754;135;1.2;Semi
755;135;1.2;Semi
756;135;1.8;Semi
757;135;1.23;Semi
758;180;1.75;Semi
759;180;1.7;Semi
75C;135;2.97;Semi
75E;180;3;Semi
760;135;1.79;Semi
761;135;1.3;Semi
762;180;1.75;Semi
763;180;2.59;Semi
764;180;2.6;Semi
766;135;1.8;Semi
767;180;2.62;Semi
768;135;2.62;Semi
769;180;3.6;Semi
76A;135;2;Semi
76E;180;4;Semi
770;180;2.12;Semi
771;180;1.98;Semi
772;180;2.6;Semi
773;180;2.2;Semi
774;180;3.66;Semi
776;180;4.01;Semi
778;180;2.65;Semi
77C;180;1.75;Semi
780;180;3.64;Semi
781;180;3.66;Semi
782;180;3.66;Semi
783;180;3.66;Semi
784;180;4.01;Semi
786;180;4;Semi
787;180;3.64;Semi
78C;135;9;Semi
78D;180;0.6;Semi
78E;0;6.5;Semi
791;135;9;Semi
794;180;0.75;Semi
795;135;0.71;Semi
797;180;2.6;Semi
798;180;3.66;Semi
799;180;2.6;Semi
79C;180;2.2;Semi
800;180;4;Semi
802;180;2.6;Semi
804;180;2.22;Semi
806;225;4.01;Semi
808;135;1.07;Semi
809;180;0.88;Semi
80C;180;3.6;Semi
80E;135;1.9;Semi
810;135;1.31;Semi
811;135;1.3;Semi
812;135;1.87;Semi
813;135;1.63;Semi
815;180;4;Semi
817;135;1.63;Semi
818;180;1.75;Semi
819;180;2.2;Semi
81A;135;2;Semi
81D;0;18;Semi
81E;135;1.1;Semi
820;180;4.8;Semi
821;180;3.6;Semi
823;180;5;Semi
824;180;3.6;Semi
825;135;1.3;Semi
826;135;1.7;Semi
827;135;1.23;Semi
828;180;3.5;Semi
829;180;3.5;Semi
82A;288;3;Semi
82C;135;1.8;Semi
82E;135;1.9;Semi
830;180;4;Semi
831;180;4;Semi
832;180;4.8;Semi
833;180;4.8;Semi
834;180;2.59;Semi
837;135;1.59;Semi
838;135;1.6;Semi
839;135;1.6;Semi
83A;135;1;Semi
83E;135;2.4;Semi
842;180;1.3;Semi
846;180;2;Semi
847;135;2.62;Semi
848;180;2.62;Semi
849;180;4;Semi
84A;135;1;Semi
850;135;1.8;Semi
852;180;4;Semi
853;180;4;Semi
854;180;4.8;Semi
855;180;4.8;Semi
856;180;4.8;Semi
857;180;3;Semi
858;135;1.3;Semi
859;180;3;Semi
85A;135;1.3;Semi
85E;180;4;Semi
861;135;0.93;Semi
862;180;0.79;Semi
863;180;0.85;Semi
864;135;2.2;Semi
865;135;2.22;Semi
866;135;2.6;Semi
867;135;2.6;Semi
868;180;1.3;Semi
869;180;1.3;Semi
86A;135;1.3;Semi
86C;180;5;Semi
86E;180;3;Semi
870;135;1.63;Semi
871;135;2.43;Semi
872;135;7.6;Semi
874;180;4.8;Semi
875;135;0.8;Semi
877;180;6;Semi
879;135;2.6;Semi
87A;180;1.3;Semi
87E;135;2.4;Semi
880;180;3;Semi
881;180;8.23;Semi
882;180;1.75;Semi
883;180;2.6;Semi
884;180;2.6;Semi
885;180;3.64;Semi
886;135;2.6;Semi
887;180;6.46;Semi
888;135;3.2;Semi
889;180;6.5;Semi
88A;180;1.3;Semi
88D;180;4;Semi
88E;135;1.1;Semi
890;135;1;Semi
891;135;1;Semi
892;135;1.2;Semi
893;135;1.3;Semi
894;135;1.3;Semi
895;135;1.8;Semi
896;135;1.8;Semi
897;180;1;Semi
898;180;1.3;Semi
899;180;1.31;Semi
89A;180;1.6;Semi
89D;180;6.5;Semi
89E;135;1.3;Semi
900;180;1.3;Semi
901;180;1.3;Semi
902;180;1.8;Semi
903;180;1.8;Semi
904;180;1.8;Semi
905;180;2.2;Semi
906;180;2.18;Semi
907;180;2.59;Semi
909;180;2;Semi
90A;180;1.6;Semi
90C;180;2;Semi
90D;0;18;Semi
90E;135;1.6;Semi
910;180;2;Semi
911;180;2;Semi
912;180;2;Semi
913;180;2.5;Semi
914;180;2.6;Semi
915;180;2.5;Semi
916;180;2.6;Semi
917;180;2.6;Semi
918;180;3.6;Semi
919;180;3.6;Semi
91A;180;2;Semi
91E;135;0.8;Semi
920;180;3.64;Semi
921;180;3.6;Semi
922;180;3.5;Semi
923;180;3;Semi
924;135;0.8;Semi
925;135;0.8;Semi
92A;180;2.5;Semi
92D;135;0.8;Semi
92E;135;1.3;Semi
930;135;0.8;Semi
932;135;2.2;Semi
933;135;2.5;Semi
934;180;1.8;Semi
935;180;0.8;Semi
93A;180;2.5;Semi
93E;135;1.3;Semi
94A;180;2.5;Semi
94C;135;2.97;Semi
94D;180;3.6;Semi
94E;135;1.6;Semi
950;135;1.5;Semi
951;135;1.5;Semi
95A;180;3;Semi
95C;135;3;Semi
95D;135;1.2;Semi
95E;135;1.6;Semi
960;135;1.3;Semi
961;135;1.3;Semi
964;180;1.8;Semi
965;180;1.8;Semi
966;180;2.2;Semi
967;180;2.2;Semi
968;180;2.6;Semi
969;180;2.5;Semi
96A;180;3;Semi
96C;0;5;Semi
96E;135;1.8;Semi
970;180;2.8;Semi
971;135;1;Semi
972;135;1.3;Semi
973;135;1.8;Semi
974;135;1.8;Semi
975;135;2.2;Semi
976;135;2.2;Semi
977;135;2.5;Semi
978;180;1.8;Semi
979;180;2.6;Semi
97A;135;1.31;Semi
97C;135;3.2;Semi
97E;135;2.4;Semi
98E;135;2.4;Semi
990;135;2.6;Semi
991;135;1.8;Semi
992;180;2.2;Semi
993;180;1;Semi
994;180;1;Semi
995;135;0.8;Semi
996;135;0.8;Semi
997;135;1;Semi
998;180;1.3;Semi
999;180;1.3;Semi
99A;288;3;Semi
99C;90;0.8;Semi
99E;135;3;Semi
AGB;180;2.5;Semi
AGC;180;2.5;Semi
BDG;180;3;Semi
BDJ;180;3;Semi
BFE;180;3;Semi
CBE;180;3.5;Semi
CFA;180;1.5;Semi
CGA;180;2.18;Semi
CGH;180;2.59;Semi
CHB;135;1.87;Semi
CHD;180;2;Semi
CHE;180;1.8;Semi
CIF;135;3;Semi
DBC;180;3.64;Semi
DCF;180;4;Semi
DCG;180;3.99;Semi
DCH;180;2.59;Semi
DDA;180;3.6;Semi
DDB;180;3.6;Semi
DDF;225;3.99;Semi
DDJ;180;3.64;Semi
DFF;180;3.66;Semi
DGE;180;4.8;Semi
EBF;135;1.87;Semi
EBG;180;2;Semi
EEE;180;3;Semi
EEH;135;3.7;Semi
EFC;0;6.03;Semi
EGB;180;3.64;Semi
EGE;135;3.7;Semi
EGG;180;3.99;Semi
EHC;180;3.99;Semi
EHJ;180;4.5;Semi
FAB;0;4;Semi
FGH;0;5;Semi
GAH;0;6;Semi
GDA;135;7.7;Semi
GFG;180;2.59;Semi
GHC;180;3.64;Semi
GIH;180;3.64;Semi
HAB;135;1.87;Semi
HAG;135;1.62;Semi
HAH;180;1.74;Semi
HBD;180;3.7;Semi
HBH;180;3.5;Semi
HBI;180;3.5;Semi
HCD;180;2.59;Semi
001;180;4.8;Cappio
002;180;5.5;Cappio
003;180;5;Cappio
004;135;2.6;Cappio
005;0;10;Cappio
006;0;10;Cappio
007;0;10;Cappio
008;180;1;Cappio
010;180;2.2;Cappio
011;180;4.5;Cappio
012;180;4.5;Cappio
013;135;1.19;Cappio
014;288;3;Cappio
015;135;0.7;Cappio
016;180;4;Cappio
017;180;0.88;Cappio
018;180;5;Cappio
019;225;2.7;Cappio
01A;0;7.5;Cappio
01B;135;1;Cappio
01C;135;1;Cappio
01D;135;0.8;Cappio
01G;135;1.9;Cappio
01O;180;3.5;Cappio
01U;180;3;Cappio
020;180;1.3;Cappio
022;180;2.6;Cappio
023;180;6.46;Cappio
024;180;3;Cappio
025;180;2.6;Cappio
026;180;3;Cappio
027;180;2.6;Cappio
029;180;2.6;Cappio
02A;180;6;Cappio
02B;135;1;Cappio
02C;135;0.8;Cappio
02D;180;0.6;Cappio
02E;180;4.8;Cappio
02G;135;2.4;Cappio
02O;180;2.4;Cappio
02U;180;3;Cappio
030;180;2;Cappio
032;180;3;Cappio
033;135;1.1;Cappio
034;180;4.8;Cappio
035;135;1.3;Cappio
036;135;1.23;Cappio
037;225;2.7;Cappio
038;180;4.8;Cappio
039;180;4;Cappio
03A;180;2.3;Cappio
03B;135;1.3;Cappio
03C;180;2.2;Cappio
03D;180;0.6;Cappio
03E;180;4;Cappio
03O;180;2.8;Cappio
03U;180;3;Cappio
040;180;4.8;Cappio
041;135;1.3;Cappio
042;0;6.5;Cappio
043;0;6.5;Cappio
044;135;2.4;Cappio
045;135;3;Cappio
046;135;1.8;Cappio
047;180;1.27;Cappio
048;225;1.3;Cappio
049;225;2.2;Cappio
04A;135;4.5;Cappio
04B;135;1.3;Cappio
04C;135;2.62;Cappio
04D;90;0.64;Cappio
04E;180;1.8;Cappio
04G;135;1.8;Cappio
04U;180;3;Cappio
050;225;2.2;Cappio
051;135;3;Cappio
052;135;1;Cappio
053;135;1;Cappio
055;135;1.9;Cappio
056;225;3;Cappio
059;135;1.5;Cappio
05A;180;3.02;Cappio
05B;135;1;Cappio
05D;90;0.6;Cappio
05E;0;15.24;Cappio
05G;135;2.6;Cappio
060;135;1.5;Cappio
063;180;1.5;Cappio
064;135;4.5;Cappio
066;225;2.6;Cappio
067;180;1.5;Cappio
068;180;1.51;Cappio
069;180;1.5;Cappio
06A;180;1.63;Cappio
06B;135;1;Cappio
06D;90;0.8;Cappio
06E;135;2.2;Cappio
06G;135;2.6;Cappio
070;180;1.6;Cappio
071;180;1.8;Cappio
072;180;2.2;Cappio
073;135;2.6;Cappio
074;180;3;Cappio
075;180;3;Cappio
076;180;1.8;Cappio
078;135;1.1;Cappio
07A;180;4.01;Cappio
07B;180;1.3;Cappio
07C;135;1.7;Cappio
07D;90;0.8;Cappio
07E;180;3.7;Cappio
07G;180;2.6;Cappio
080;0;2.2;Cappio
081;0;2.2;Cappio
082;180;1.6;Cappio
083;0;2.2;Cappio
084;0;2.2;Cappio
085;135;1.8;Cappio
086;135;1.1;Cappio
087;135;1.1;Cappio
08A;180;4.8;Cappio
08B;180;1.3;Cappio
08D;135;1.62;Cappio
08E;135;2.2;Cappio
08G;180;2.6;Cappio
091;225;2.6;Cappio
092;180;4.5;Cappio
093;180;1.98;Cappio
094;0;3.7;Cappio
096;0;3.7;Cappio
097;180;2.2;Cappio
09A;180;6;Cappio
09B;180;1.8;Cappio
09D;135;7.73;Cappio
09E;225;3.6;Cappio
09G;180;3.6;Cappio
100;135;1.8;Cappio
101;0;5.08;Cappio
102;0;6.03;Cappio
103;180;1.8;Cappio
104;180;3;Cappio
105;180;2.22;Cappio
107;135;1.79;Cappio
108;135;1.87;Cappio
109;180;2.2;Cappio
10A;180;4.8;Cappio
10B;180;1.8;Cappio
10D;90;0.8;Cappio
111;180;1.75;Cappio
112;135;1.87;Cappio
113;180;3.6;Cappio
114;180;1.8;Cappio
115;225;4;Cappio
116;180;2.6;Cappio
117;180;3.66;Cappio
118;180;2.2;Cappio
119;180;3.66;Cappio
11A;180;3;Cappio
11B;180;2;Cappio
11C;135;3;Cappio
11D;0;10.16;Cappio
11G;180;2.8;Cappio
120;0;10;Cappio
121;0;18;Cappio
122;180;7.5;Cappio
123;0;10;Cappio
124;135;2.07;Cappio
125;0;3.6;Cappio
126;0;3.6;Cappio
127;180;2.2;Cappio
128;288;3;Cappio
129;0;3.6;Cappio
12A;0;7.11;Cappio
12B;180;2.5;Cappio
12C;288;3;Cappio
12D;90;0.64;Cappio
12F;135;1.5;Cappio
12G;135;3.18;Cappio
132;180;4.8;Cappio
134;135;1.1;Cappio
135;135;2.1;Cappio
136;180;4.8;Cappio
137;135;1.6;Cappio
138;180;4.8;Cappio
139;135;1.9;Cappio
13A;180;1.6;Cappio
13B;180;2.6;Cappio
13C;180;1.74;Cappio
13D;135;0.64;Cappio
13E;180;4.8;Cappio
13G;135;2.6;Cappio
140;0;0.7;Cappio
141;135;2;Cappio
142;0;0.8;Cappio
143;180;3;Cappio
144;180;3;Cappio
145;180;2.22;Cappio
146;135;1.7;Cappio
147;135;1.6;Cappio
148;135;1.3;Cappio
149;135;1.3;Cappio
14B;135;1.8;Cappio
14C;135;2;Cappio
14D;90;0.64;Cappio
14E;0;2.43;Cappio
14G;135;2;Cappio
150;0;2;Cappio
152;0;3.6;Cappio
153;180;4.5;Cappio
154;180;4;Cappio
155;225;2.6;Cappio
156;0;6.3;Cappio
157;180;3.6;Cappio
158;180;3.6;Cappio
159;180;2.6;Cappio
15A;0;6;Cappio
15C;135;2;Cappio
15D;90;0.64;Cappio
15E;180;3.6;Cappio
15F;0;6.5;Cappio
15G;135;2.5;Cappio
160;180;3.6;Cappio
161;180;2.2;Cappio
162;180;2.3;Cappio
163;135;2.2;Cappio
165;135;2.43;Cappio
167;180;3.6;Cappio
168;135;2.4;Cappio
169;135;1.8;Cappio
16A;0;6;Cappio
16B;135;0.8;Cappio
16C;135;2;Cappio
16D;135;0.61;Cappio
16E;135;1.87;Cappio
16G;135;1.6;Cappio
170;135;1.8;Cappio
171;135;2.5;Cappio
172;180;2.6;Cappio
173;180;2.62;Cappio
174;225;2.6;Cappio
175;180;1.8;Cappio
176;180;2.6;Cappio
177;180;3.6;Cappio
178;0;3.7;Cappio
179;180;6;Cappio
17A;135;2.97;Cappio
17B;135;0.8;Cappio
17C;0;1.9;Cappio
17D;90;0.6;Cappio
17E;180;2.3;Cappio
17G;135;2;Cappio
180;0;10;Cappio
181;180;4.8;Cappio
182;135;1.9;Cappio
183;180;13;Cappio
184;180;2.6;Cappio
185;180;2.5;Cappio
186;180;3;Cappio
187;135;2.4;Cappio
188;135;1;Cappio
189;135;1.9;Cappio
18A;0;6.5;Cappio
18C;0;1.9;Cappio
18D;0;15.2;Cappio
18E;180;10;Cappio
190;180;4.5;Cappio
191;180;2.65;Cappio
192;180;3.11;Cappio
193;135;1.3;Cappio
194;180;1.8;Cappio
195;180;2.2;Cappio
196;180;2.62;Cappio
197;135;3;Cappio
198;180;3.6;Cappio
19A;180;5;Cappio
19C;288;3;Cappio
19D;180;2.39;Cappio
19E;180;4.8;Cappio
200;180;4;Cappio
201;0;6;Cappio
202;180;2.59;Cappio
203;180;2.5;Cappio
204;180;5;Cappio
205;180;5;Cappio
206;180;5;Cappio
207;135;2.62;Cappio
208;180;2.6;Cappio
209;180;4.8;Cappio
20A;135;4;Cappio
20E;0;1.9;Cappio
210;135;2.6;Cappio
211;90;0.64;Cappio
212;135;0.8;Cappio
214;180;2.65;Cappio
215;180;2.7;Cappio
216;180;4.24;Cappio
217;180;2.7;Cappio
218;180;2.6;Cappio
219;288;3;Cappio
21A;135;2.62;Cappio
21C;180;7;Cappio
21D;180;3.7;Cappio
220;180;4.8;Cappio
221;180;4.8;Cappio
222;180;6.48;Cappio
223;180;2.62;Cappio
224;135;6.46;Cappio
225;180;7.62;Cappio
226;180;7.73;Cappio
227;135;2;Cappio
228;180;3.5;Cappio
229;135;2.4;Cappio
22B;180;2.2;Cappio
22C;180;2.2;Cappio
22D;180;3.6;Cappio
22E;135;0.6;Cappio
230;180;2.2;Cappio
231;180;2.6;Cappio
232;180;2.2;Cappio
233;135;1.6;Cappio
234;135;1.9;Cappio
235;180;2.97;Cappio
236;135;1.9;Cappio
237;135;1.6;Cappio
238;135;1.9;Cappio
239;135;2.99;Cappio
23A;180;2;Cappio
23B;180;2.2;Cappio
240;180;3;Cappio
241;180;2.3;Cappio
242;135;1.6;Cappio
243;180;3;Cappio
244;180;4.8;Cappio
245;180;3;Cappio
246;180;3;Cappio
247;180;3;Cappio
248;180;3.11;Cappio
249;180;3;Cappio
24A;180;2.3;Cappio
24B;180;2.5;Cappio
24C;135;9;Cappio
24D;180;2.6;Cappio
24E;180;3.64;Cappio
250;135;3;Cappio
251;135;3;Cappio
252;180;2.6;Cappio
253;90;1.1;Cappio
254;90;1.3;Cappio
255;180;3.6;Cappio
256;135;1.8;Cappio
257;135;1.9;Cappio
258;135;2.97;Cappio
259;135;1.9;Cappio
25C;135;8;Cappio
25D;180;2.62;Cappio
25E;180;2.6;Cappio
260;180;4.5;Cappio
261;180;4.5;Cappio
262;180;4.8;Cappio
263;180;1.8;Cappio
264;225;2.6;Cappio
265;180;3;Cappio
266;0;2;Cappio
267;135;2.6;Cappio
268;135;2.6;Cappio
269;180;3;Cappio
26A;180;4.8;Cappio
26C;180;1.8;Cappio
26F;0;33;Cappio
271;180;1.8;Cappio
272;180;1.3;Cappio
273;180;4.8;Cappio
274;0;5;Cappio
275;0;5;Cappio
276;135;1.7;Cappio
277;135;4.5;Cappio
278;135;3.18;Cappio
279;135;1.7;Cappio
27A;135;0.88;Cappio
27B;135;1.3;Cappio
27C;180;3;Cappio
27D;0;2.4;Cappio
27E;135;2;Cappio
280;135;2.6;Cappio
281;180;2.6;Cappio
283;0;5;Cappio
284;180;1.3;Cappio
285;135;3.2;Cappio
288;90;0.9;Cappio
28A;180;4.8;Cappio
28B;135;1.6;Cappio
28C;180;7.7;Cappio
28D;180;3.6;Cappio
28E;180;4;Cappio
28M;135;5;Cappio
291;90;0.95;Cappio
292;90;0.95;Cappio
293;90;0.9;Cappio
29A;180;1;Cappio
29B;135;1.6;Cappio
29C;0;1.9;Cappio
29D;135;7.7;Cappio
300;0;3;Cappio
302;180;3.7;Cappio
303;180;3.5;Cappio
30B;135;1.6;Cappio
30E;180;2.2;Cappio
313;135;3.5;Cappio
31A;180;3;Cappio
31B;135;1.8;Cappio
31E;180;4.8;Cappio
320;180;3.6;Cappio
32A;0;7.5;Cappio
32B;135;1.8;Cappio
32D;180;0.8;Cappio
32E;180;4.8;Cappio
332;135;3.49;Cappio
339;135;1.63;Cappio
33A;180;4.8;Cappio
33B;180;1.7;Cappio
33C;180;2.3;Cappio
33D;180;0.6;Cappio
33E;135;1.3;Cappio
343;135;3.7;Cappio
344;135;3.7;Cappio
345;135;0.7;Cappio
346;135;3.66;Cappio
347;135;3.7;Cappio
348;135;1.23;Cappio
349;135;0.99;Cappio
34A;180;0.8;Cappio
34B;135;1.7;Cappio
34D;135;0.6;Cappio
34M;180;3.66;Cappio
350;135;0.93;Cappio
351;180;1;Cappio
352;135;1.23;Cappio
353;135;1;Cappio
354;180;0.99;Cappio
355;180;1.3;Cappio
356;180;1.27;Cappio
357;135;1.79;Cappio
358;180;1.75;Cappio
359;180;1.8;Cappio
35A;135;1.9;Cappio
35B;180;3.6;Cappio
35D;135;0.6;Cappio
35E;180;6.46;Cappio
360;180;1.75;Cappio
361;180;1.5;Cappio
362;135;1.8;Cappio
363;180;2.5;Cappio
364;180;0.99;Cappio
365;180;1.3;Cappio
366;180;1.2;Cappio
367;180;1.3;Cappio
368;135;1.6;Cappio
369;135;1.5;Cappio
36B;135;1.7;Cappio
36E;180;13;Cappio
371;180;2.2;Cappio
372;135;1.8;Cappio
373;180;1.8;Cappio
374;180;1.8;Cappio
375;180;1.8;Cappio
376;180;1.27;Cappio
377;180;2.6;Cappio
378;180;2.62;Cappio
379;180;2.62;Cappio
37A;180;3.7;Cappio
37C;135;1.07;Cappio
37E;0;15.24;Cappio
381;180;1.98;Cappio
382;180;1.98;Cappio
383;135;1.79;Cappio
384;180;2;Cappio
385;180;1.8;Cappio
386;180;2.6;Cappio
389;180;2.2;Cappio
38A;180;4.8;Cappio
38B;135;1.3;Cappio
38D;135;0.8;Cappio
38E;135;1.9;Cappio
390;180;2.18;Cappio
391;180;3.6;Cappio
392;0;5;Cappio
393;0;4.45;Cappio
394;180;3.99;Cappio
395;180;2.6;Cappio
396;135;3.18;Cappio
397;180;2.2;Cappio
398;180;1.98;Cappio
399;135;1.98;Cappio
39A;180;6.5;Cappio
39B;135;1.3;Cappio
39E;135;1.3;Cappio
400;180;1.8;Cappio
401;180;3.6;Cappio
402;0;5.1;Cappio
403;0;4.45;Cappio
404;180;2.6;Cappio
405;180;4.01;Cappio
407;180;1.98;Cappio
40A;180;5;Cappio
40B;135;2.4;Cappio
40C;180;5;Cappio
40D;180;1.7;Cappio
40E;180;14;Cappio
411;0;5.08;Cappio
412;180;2.6;Cappio
413;135;3.18;Cappio
414;180;4.8;Cappio
417;180;4;Cappio
419;135;6.5;Cappio
41B;135;2.4;Cappio
41D;135;2.4;Cappio
41E;135;1.87;Cappio
420;180;6;Cappio
422;180;6;Cappio
423;180;3.6;Cappio
424;180;3.6;Cappio
428;225;2.65;Cappio
429;225;2.6;Cappio
42B;180;1.8;Cappio
42D;135;2.4;Cappio
42E;135;1.3;Cappio
430;225;2.6;Cappio
431;225;3.62;Cappio
432;225;3.62;Cappio
433;225;3.62;Cappio
434;225;2.6;Cappio
435;225;4;Cappio
436;180;4.24;Cappio
437;180;4.3;Cappio
438;180;2.65;Cappio
439;180;2.65;Cappio
43B;180;2.2;Cappio
43C;180;4;Cappio
43E;180;4.8;Cappio
440;180;3.6;Cappio
441;180;3.66;Cappio
442;180;3.66;Cappio
443;180;7;Cappio
444;180;6.99;Cappio
445;180;4;Cappio
446;225;4.01;Cappio
447;225;3.99;Cappio
449;225;3.62;Cappio
44C;180;4.24;Cappio
44E;135;1.23;Cappio
450;180;5;Cappio
451;180;6;Cappio
452;180;7.6;Cappio
453;180;7.62;Cappio
454;180;7.62;Cappio
455;180;7.62;Cappio
457;180;4;Cappio
458;180;4;Cappio
459;180;4.01;Cappio
45B;135;2.6;Cappio
45C;180;2.22;Cappio
45D;135;1;Cappio
45E;180;4.8;Cappio
460;180;4.24;Cappio
462;180;5;Cappio
463;180;5;Cappio
464;180;3.6;Cappio
465;180;3.6;Cappio
466;180;3.6;Cappio
467;180;3.6;Cappio
468;180;6.5;Cappio
469;180;6.5;Cappio
46A;180;5.47;Cappio
46B;135;1.8;Cappio
46C;135;0.97;Cappio
46E;180;4.8;Cappio
472;180;6.46;Cappio
473;180;3;Cappio
474;180;4.8;Cappio
475;180;4.8;Cappio
476;180;4.8;Cappio
477;180;4.8;Cappio
478;180;4.8;Cappio
479;180;4.8;Cappio
47A;180;1.5;Cappio
47B;180;3;Cappio
47D;180;1.3;Cappio
480;180;6.46;Cappio
482;135;0.76;Cappio
483;135;1.07;Cappio
485;135;1.3;Cappio
487;135;1.07;Cappio
488;135;1.31;Cappio
489;135;1.31;Cappio
48A;135;1.9;Cappio
48B;135;1.8;Cappio
48D;135;1.2;Cappio
48E;135;3.2;Cappio
493;180;1.2;Cappio
495;180;1.51;Cappio
496;180;1.5;Cappio
498;135;1.6;Cappio
499;135;1.6;Cappio
49A;180;4.8;Cappio
49B;135;1.8;Cappio
49C;180;4.5;Cappio
49D;180;1.8;Cappio
49E;225;2.6;Cappio
500;135;1.6;Cappio
502;135;1.6;Cappio
503;135;1.3;Cappio
505;135;1.87;Cappio
506;135;1.87;Cappio
508;180;2.6;Cappio
50B;135;5;Cappio
50D;135;0.8;Cappio
50E;135;1.3;Cappio
512;180;1.24;Cappio
513;180;1.2;Cappio
515;135;1.9;Cappio
516;135;1.9;Cappio
517;135;1.9;Cappio
518;135;1.3;Cappio
519;135;1.12;Cappio
51A;180;1.1;Cappio
51B;180;3;Cappio
51C;180;7.62;Cappio
51D;0;1.6;Cappio
51E;135;3;Cappio
520;135;1.6;Cappio
521;135;2.4;Cappio
522;135;2.43;Cappio
523;135;2.43;Cappio
524;135;1.3;Cappio
526;135;1.87;Cappio
527;180;2;Cappio
528;135;1.6;Cappio
529;135;1.63;Cappio
52A;180;4.8;Cappio
52C;180;7.62;Cappio
52D;135;0.4;Cappio
52E;0;25.72;Cappio
530;135;1.9;Cappio
531;135;2.4;Cappio
532;135;2.4;Cappio
533;135;2.4;Cappio
534;135;2.4;Cappio
535;180;2.6;Cappio
536;180;2.6;Cappio
537;180;2;Cappio
539;135;3;Cappio
53A;180;1.1;Cappio
53B;135;0.65;Cappio
53C;135;6.46;Cappio
53E;225;2.6;Cappio
540;135;2.4;Cappio
541;180;2.3;Cappio
542;180;2.3;Cappio
543;135;2.62;Cappio
544;0;5.1;Cappio
545;0;5.1;Cappio
546;0;5.08;Cappio
548;135;4;Cappio
54A;180;3;Cappio
54B;135;0.9;Cappio
54C;180;4.8;Cappio
54D;180;5;Cappio
54E;135;3;Cappio
550;135;2.97;Cappio
551;135;3;Cappio
552;135;3;Cappio
553;180;3;Cappio
554;180;3;Cappio
555;180;2.97;Cappio
556;0;5;Cappio
557;180;2.6;Cappio
558;135;3.6;Cappio
559;135;3.6;Cappio
55A;225;2.6;Cappio
55B;180;2.2;Cappio
55C;180;6.48;Cappio
55D;135;0.4;Cappio
55E;180;2.67;Cappio
55M;0;7;Cappio
560;135;4;Cappio
561;135;3;Cappio
562;0;6;Cappio
563;0;6;Cappio
564;0;6;Cappio
565;0;6;Cappio
566;135;9;Cappio
567;135;4.5;Cappio
568;135;4.5;Cappio
56B;135;2.2;Cappio
56C;135;5;Cappio
56D;135;1;Cappio
570;180;4.8;Cappio
571;180;3.66;Cappio
572;180;3.6;Cappio
573;180;3.6;Cappio
574;180;3.6;Cappio
575;135;3.6;Cappio
577;180;4.01;Cappio
578;180;4;Cappio
579;180;4;Cappio
57A;180;5.5;Cappio
57B;135;2.2;Cappio
57C;135;5;Cappio
57M;0;9;Cappio
581;180;4.8;Cappio
582;180;4.8;Cappio
583;180;4;Cappio
585;135;4;Cappio
586;180;4;Cappio
58A;180;5.5;Cappio
58C;180;7.73;Cappio
58D;135;0.4;Cappio
58E;180;4;Cappio
58M;0;4;Cappio
593;180;4;Cappio
596;180;3.99;Cappio
59A;180;2.39;Cappio
59C;180;4;Cappio
59D;90;0.8;Cappio
59E;180;4.8;Cappio
59M;0;6;Cappio
609;135;3.81;Cappio
60A;180;3;Cappio
60B;225;2.7;Cappio
60C;180;4;Cappio
60D;135;0.6;Cappio
60E;0;15.24;Cappio
60M;0;6;Cappio
612;0;3.81;Cappio
614;135;4;Cappio
616;180;3.99;Cappio
61A;180;2.2;Cappio
61B;180;3.6;Cappio
61D;90;1.3;Cappio
61E;180;2.62;Cappio
61M;0;9;Cappio
621;0;4;Cappio
623;135;4.5;Cappio
624;180;4.24;Cappio
626;180;4.5;Cappio
62B;180;2.6;Cappio
62C;135;3.2;Cappio
62E;180;4.8;Cappio
62M;0;15;Cappio
633;180;4.5;Cappio
63A;135;1.8;Cappio
63B;225;2.6;Cappio
63C;180;3.6;Cappio
63D;135;1.1;Cappio
63M;0;4;Cappio
640;180;4.29;Cappio
643;135;4.5;Cappio
64A;135;2.6;Cappio
64B;180;3.6;Cappio
64C;180;4.8;Cappio
64E;135;2.6;Cappio
64M;0;6;Cappio
657;135;5;Cappio
659;180;5;Cappio
65B;135;1.3;Cappio
65C;0;5;Cappio
65D;90;0.8;Cappio
65M;0;6;Cappio
660;180;4.8;Cappio
663;0;5;Cappio
666;180;5;Cappio
667;180;4.8;Cappio
66A;180;4;Cappio
66B;135;1;Cappio
66C;0;5.1;Cappio
66D;0;18;Cappio
66E;180;4.8;Cappio
66M;0;6;Cappio
67A;135;1.8;Cappio
67B;180;1.8;Cappio
67C;0;6;Cappio
67D;135;1.1;Cappio
67M;0;7;Cappio
680;135;5;Cappio
685;135;5;Cappio
687;180;4.8;Cappio
68A;135;2.5;Cappio
68B;180;1.8;Cappio
68C;180;2.2;Cappio
68D;180;5;Cappio
68E;180;4.5;Cappio
68M;0;4;Cappio
690;0;5;Cappio
692;180;5.5;Cappio
697;135;6;Cappio
69A;180;2;Cappio
69B;135;0.8;Cappio
69C;180;3.6;Cappio
69E;180;4.5;Cappio
69M;0;4;Cappio
701;0;6.03;Cappio
703;180;6;Cappio
706;0;6.03;Cappio
708;135;6;Cappio
70B;180;1.3;Cappio
70C;180;3.6;Cappio
70E;135;1.6;Cappio
712;135;6;Cappio
715;135;6;Cappio
716;180;6;Cappio
719;0;6.03;Cappio
71A;0;6;Cappio
71B;180;1.7;Cappio
71C;180;1.3;Cappio
71E;180;2.3;Cappio
721;180;6.5;Cappio
722;180;6.5;Cappio
727;0;6.5;Cappio
72A;180;4.8;Cappio
72C;180;1.8;Cappio
72D;180;4.8;Cappio
72E;135;1.1;Cappio
730;180;6.48;Cappio
733;180;6.99;Cappio
735;180;7;Cappio
739;135;7.73;Cappio
73C;135;3;Cappio
73D;180;5;Cappio
73E;180;4.8;Cappio
741;135;7.73;Cappio
742;180;7.5;Cappio
747;135;7.7;Cappio
748;180;8;Cappio
74C;135;2.97;Cappio
74E;180;1.7;Cappio
754;135;1.2;Cappio
755;135;1.2;Cappio
756;135;1.8;Cappio
757;135;1.23;Cappio
758;180;1.75;Cappio
759;180;1.7;Cappio
75C;135;2.97;Cappio
75E;180;3;Cappio
760;135;1.79;Cappio
761;135;1.3;Cappio
762;180;1.75;Cappio
763;180;2.59;Cappio
764;180;2.6;Cappio
766;135;1.8;Cappio
767;180;2.62;Cappio
768;135;2.62;Cappio
769;180;3.6;Cappio
76A;135;2;Cappio
76E;180;4;Cappio
770;180;2.12;Cappio
771;180;1.98;Cappio
772;180;2.6;Cappio
773;180;2.2;Cappio
774;180;3.66;Cappio
776;180;4.01;Cappio
778;180;2.65;Cappio
77C;180;1.75;Cappio
780;180;3.64;Cappio
781;180;3.66;Cappio
782;180;3.66;Cappio
783;180;3.66;Cappio
784;180;4.01;Cappio
786;180;4;Cappio
787;180;3.64;Cappio
78C;135;9;Cappio
78D;180;0.6;Cappio
78E;0;6.5;Cappio
791;135;9;Cappio
794;180;0.75;Cappio
795;135;0.71;Cappio
797;180;2.6;Cappio
798;180;3.66;Cappio
799;180;2.6;Cappio
79C;180;2.2;Cappio
800;180;4;Cappio
802;180;2.6;Cappio
804;180;2.22;Cappio
806;225;4.01;Cappio
808;135;1.07;Cappio
809;180;0.88;Cappio
80C;180;3.6;Cappio
80E;135;1.9;Cappio
810;135;1.31;Cappio
811;135;1.3;Cappio
812;135;1.87;Cappio
813;135;1.63;Cappio
815;180;4;Cappio
817;135;1.63;Cappio
818;180;1.75;Cappio
819;180;2.2;Cappio
81A;135;2;Cappio
81D;0;18;Cappio
81E;135;1.1;Cappio
820;180;4.8;Cappio
821;180;3.6;Cappio
823;180;5;Cappio
824;180;3.6;Cappio
825;135;1.3;Cappio
826;135;1.7;Cappio
827;135;1.23;Cappio
828;180;3.5;Cappio
829;180;3.5;Cappio
82A;288;3;Cappio
82C;135;1.8;Cappio
82E;135;1.9;Cappio
830;180;4;Cappio
831;180;4;Cappio
832;180;4.8;Cappio
833;180;4.8;Cappio
834;180;2.59;Cappio
837;135;1.59;Cappio
838;135;1.6;Cappio
839;135;1.6;Cappio
83A;135;1;Cappio
83E;135;2.4;Cappio
842;180;1.3;Cappio
846;180;2;Cappio
847;135;2.62;Cappio
848;180;2.62;Cappio
849;180;4;Cappio
84A;135;1;Cappio
850;135;1.8;Cappio
852;180;4;Cappio
853;180;4;Cappio
854;180;4.8;Cappio
855;180;4.8;Cappio
856;180;4.8;Cappio
857;180;3;Cappio
858;135;1.3;Cappio
859;180;3;Cappio
85A;135;1.3;Cappio
85E;180;4;Cappio
861;135;0.93;Cappio
862;180;0.79;Cappio
863;180;0.85;Cappio
864;135;2.2;Cappio
865;135;2.22;Cappio
866;135;2.6;Cappio
867;135;2.6;Cappio
868;180;1.3;Cappio
869;180;1.3;Cappio
86A;135;1.3;Cappio
86C;180;5;Cappio
86E;180;3;Cappio
870;135;1.63;Cappio
871;135;2.43;Cappio
872;135;7.6;Cappio
874;180;4.8;Cappio
875;135;0.8;Cappio
877;180;6;Cappio
879;135;2.6;Cappio
87A;180;1.3;Cappio
87E;135;2.4;Cappio
880;180;3;Cappio
881;180;8.23;Cappio
882;180;1.75;Cappio
883;180;2.6;Cappio
884;180;2.6;Cappio
885;180;3.64;Cappio
886;135;2.6;Cappio
887;180;6.46;Cappio
888;135;3.2;Cappio
889;180;6.5;Cappio
88A;180;1.3;Cappio
88D;180;4;Cappio
88E;135;1.1;Cappio
890;135;1;Cappio
891;135;1;Cappio
892;135;1.2;Cappio
893;135;1.3;Cappio
894;135;1.3;Cappio
895;135;1.8;Cappio
896;135;1.8;Cappio
897;180;1;Cappio
898;180;1.3;Cappio
899;180;1.31;Cappio
89A;180;1.6;Cappio
89D;180;6.5;Cappio
89E;135;1.3;Cappio
900;180;1.3;Cappio
901;180;1.3;Cappio
902;180;1.8;Cappio
903;180;1.8;Cappio
904;180;1.8;Cappio
905;180;2.2;Cappio
906;180;2.18;Cappio
907;180;2.59;Cappio
909;180;2;Cappio
90A;180;1.6;Cappio
90C;180;2;Cappio
90D;0;18;Cappio
90E;135;1.6;Cappio
910;180;2;Cappio
911;180;2;Cappio
912;180;2;Cappio
913;180;2.5;Cappio
914;180;2.6;Cappio
915;180;2.5;Cappio
916;180;2.6;Cappio
917;180;2.6;Cappio
918;180;3.6;Cappio
919;180;3.6;Cappio
91A;180;2;Cappio
91E;135;0.8;Cappio
920;180;3.64;Cappio
921;180;3.6;Cappio
922;180;3.5;Cappio
923;180;3;Cappio
924;135;0.8;Cappio
925;135;0.8;Cappio
92A;180;2.5;Cappio
92D;135;0.8;Cappio
92E;135;1.3;Cappio
930;135;0.8;Cappio
932;135;2.2;Cappio
933;135;2.5;Cappio
934;180;1.8;Cappio
935;180;0.8;Cappio
93A;180;2.5;Cappio
93E;135;1.3;Cappio
94A;180;2.5;Cappio
94C;135;2.97;Cappio
94D;180;3.6;Cappio
94E;135;1.6;Cappio
950;135;1.5;Cappio
951;135;1.5;Cappio
95A;180;3;Cappio
95C;135;3;Cappio
95D;135;1.2;Cappio
95E;135;1.6;Cappio
960;135;1.3;Cappio
961;135;1.3;Cappio
964;180;1.8;Cappio
965;180;1.8;Cappio
966;180;2.2;Cappio
967;180;2.2;Cappio
968;180;2.6;Cappio
969;180;2.5;Cappio
96A;180;3;Cappio
96C;0;5;Cappio
96E;135;1.8;Cappio
970;180;2.8;Cappio
971;135;1;Cappio
972;135;1.3;Cappio
973;135;1.8;Cappio
974;135;1.8;Cappio
975;135;2.2;Cappio
976;135;2.2;Cappio
977;135;2.5;Cappio
978;180;1.8;Cappio
979;180;2.6;Cappio
97A;135;1.31;Cappio
97C;135;3.2;Cappio
97E;135;2.4;Cappio
98E;135;2.4;Cappio
990;135;2.6;Cappio
991;135;1.8;Cappio
992;180;2.2;Cappio
993;180;1;Cappio
994;180;1;Cappio
995;135;0.8;Cappio
996;135;0.8;Cappio
997;135;1;Cappio
998;180;1.3;Cappio
999;180;1.3;Cappio
99A;288;3;Cappio
99C;90;0.8;Cappio
99E;135;3;Cappio
AGB;180;2.5;Cappio
AGC;180;2.5;Cappio
BDG;180;3;Cappio
BDJ;180;3;Cappio
BFE;180;3;Cappio
CBE;180;3.5;Cappio
CFA;180;1.5;Cappio
CGA;180;2.18;Cappio
CGH;180;2.59;Cappio
CHB;135;1.87;Cappio
CHD;180;2;Cappio
CHE;180;1.8;Cappio
CIF;135;3;Cappio
DBC;180;3.64;Cappio
DCF;180;4;Cappio
DCG;180;3.99;Cappio
DCH;180;2.59;Cappio
DDA;180;3.6;Cappio
DDB;180;3.6;Cappio
DDF;225;3.99;Cappio
DDJ;180;3.64;Cappio
DFF;180;3.66;Cappio
DGE;180;4.8;Cappio
EBF;135;1.87;Cappio
EBG;180;2;Cappio
EEE;180;3;Cappio
EEH;135;3.7;Cappio
EFC;0;6.03;Cappio
EGB;180;3.64;Cappio
EGE;135;3.7;Cappio
EGG;180;3.99;Cappio
EHC;180;3.99;Cappio
EHJ;180;4.5;Cappio
FAB;0;4;Cappio
FGH;0;5;Cappio
GAH;0;6;Cappio
GDA;135;7.7;Cappio
GFG;180;2.59;Cappio
GHC;180;3.64;Cappio
GIH;180;3.64;Cappio
HAB;135;1.87;Cappio
HAG;135;1.62;Cappio
HAH;180;1.74;Cappio
HBD;180;3.7;Cappio
HBH;180;3.5;Cappio
HBI;180;3.5;Cappio
HCD;180;2.59;Cappio